,Вакансия,Ссылка
0,Аналитик,https://hh.ru/resume/a0ab12d000087ed0520039ed1f384d59475963?query=%D0%B0%D0%BD%D0%B0%D0%BB%D0%B8%D1%82%D0%B8%D0%BA&source=search&hhtmFrom=resumes_catalog
1,Аналитик,https://hh.ru/resume/0d66f5d10005e944560039ed1f593175665047?query=%D0%B0%D0%BD%D0%B0%D0%BB%D0%B8%D1%82%D0%B8%D0%BA&source=search&hhtmFrom=resumes_catalog
2,Аналитик,https://hh.ru/resume/a94ca4350007f48d040039ed1f377442384f6d?query=%D0%B0%D0%BD%D0%B0%D0%BB%D0%B8%D1%82%D0%B8%D0%BA&source=search&hhtmFrom=resumes_catalog
3,Аналитик,https://hh.ru/resume/af4f82c5000837ce180039ed1f4d4131436730?query=%D0%B0%D0%BD%D0%B0%D0%BB%D0%B8%D1%82%D0%B8%D0%BA&source=search&hhtmFrom=resumes_catalog
4,Аналитик,https://hh.ru/resume/5c024c010000bdcdbd0039ed1f736563726574?query=%D0%B0%D0%BD%D0%B0%D0%BB%D0%B8%D1%82%D0%B8%D0%BA&source=search&hhtmFrom=resumes_catalog
5,Аналитик-переводчик,https://hh.ru/resume/a460bf600008813d1e0039ed1f7252726c6475?query=%D0%B0%D0%BD%D0%B0%D0%BB%D0%B8%D1%82%D0%B8%D0%BA&source=search&hhtmFrom=resumes_catalog
6,Аналитик,https://hh.ru/resume/1d5acdda0008d6a0580039ed1f4a7241334b35?query=%D0%B0%D0%BD%D0%B0%D0%BB%D0%B8%D1%82%D0%B8%D0%BA&source=search&hhtmFrom=resumes_catalog
7,Аналитик,https://hh.ru/resume/2f749adc0008c72cd80039ed1f763666707867?query=%D0%B0%D0%BD%D0%B0%D0%BB%D0%B8%D1%82%D0%B8%D0%BA&source=search&hhtmFrom=resumes_catalog
8,Аналитик,https://hh.ru/resume/7d73f7a6000791ba650039ed1f754c38477469?query=%D0%B0%D0%BD%D0%B0%D0%BB%D0%B8%D1%82%D0%B8%D0%BA&source=search&hhtmFrom=resumes_catalog
9,Аналитик,https://hh.ru/resume/f272fc6a00030e738b0039ed1f4d3830324877?query=%D0%B0%D0%BD%D0%B0%D0%BB%D0%B8%D1%82%D0%B8%D0%BA&source=search&hhtmFrom=resumes_catalog
10,Аналитик,https://hh.ru/resume/2ff8ea3e00080e2a630039ed1f566263377769?query=%D0%B0%D0%BD%D0%B0%D0%BB%D0%B8%D1%82%D0%B8%D0%BA&source=search&hhtmFrom=resumes_catalog
11,Бизнес-аналитик,https://hh.ru/resume/232a4ee70008744c570039ed1f363464664267?query=%D0%B0%D0%BD%D0%B0%D0%BB%D0%B8%D1%82%D0%B8%D0%BA&source=search&hhtmFrom=resumes_catalog
12,Аналитик,https://hh.ru/resume/9f0e2b9a0007c9c6f80039ed1f504566476d46?query=%D0%B0%D0%BD%D0%B0%D0%BB%D0%B8%D1%82%D0%B8%D0%BA&source=search&hhtmFrom=resumes_catalog
13,Аналитик,https://hh.ru/resume/c7f6380b00042346ca0039ed1f633576376735?query=%D0%B0%D0%BD%D0%B0%D0%BB%D0%B8%D1%82%D0%B8%D0%BA&source=search&hhtmFrom=resumes_catalog
14,Аналитик,https://hh.ru/resume/8b8644a70008108efb0039ed1f51454f35516d?query=%D0%B0%D0%BD%D0%B0%D0%BB%D0%B8%D1%82%D0%B8%D0%BA&source=search&hhtmFrom=resumes_catalog
15,Аналитик,https://hh.ru/resume/63ce33150008e29e140039ed1f3377394b6c5a?query=%D0%B0%D0%BD%D0%B0%D0%BB%D0%B8%D1%82%D0%B8%D0%BA&source=search&hhtmFrom=resumes_catalog
16,Аналитик,https://hh.ru/resume/04f509b3000381ae380039ed1f61686f7a6c35?query=%D0%B0%D0%BD%D0%B0%D0%BB%D0%B8%D1%82%D0%B8%D0%BA&source=search&hhtmFrom=resumes_catalog
17,Аналитик,https://hh.ru/resume/ee2448210005c2f0080039ed1f417169585146?query=%D0%B0%D0%BD%D0%B0%D0%BB%D0%B8%D1%82%D0%B8%D0%BA&source=search&hhtmFrom=resumes_catalog
18,Аналитик,https://hh.ru/resume/98302ce7000769210d0039ed1f485a62796430?query=%D0%B0%D0%BD%D0%B0%D0%BB%D0%B8%D1%82%D0%B8%D0%BA&source=search&hhtmFrom=resumes_catalog
19,Аналитик,https://hh.ru/resume/6392ee9a00090bacac0039ed1f566252387178?query=%D0%B0%D0%BD%D0%B0%D0%BB%D0%B8%D1%82%D0%B8%D0%BA&source=search&hhtmFrom=resumes_catalog
20,Аналитик,https://hh.ru/resume/5352e283000342fc4b0039ed1f634245625036?query=%D0%B0%D0%BD%D0%B0%D0%BB%D0%B8%D1%82%D0%B8%D0%BA&source=search&hhtmFrom=resumes_catalog
21,Аналитик,https://hh.ru/resume/3f417c4600025706ec0039ed1f62456f646450?query=%D0%B0%D0%BD%D0%B0%D0%BB%D0%B8%D1%82%D0%B8%D0%BA&source=search&hhtmFrom=resumes_catalog
22,Аналитик,https://hh.ru/resume/220013ca000590217f0039ed1f4b6862645a63?query=%D0%B0%D0%BD%D0%B0%D0%BB%D0%B8%D1%82%D0%B8%D0%BA&source=search&hhtmFrom=resumes_catalog
23,Аналитик,https://hh.ru/resume/c5e4c0ff000880346a0039ed1f657a4e544363?query=%D0%B0%D0%BD%D0%B0%D0%BB%D0%B8%D1%82%D0%B8%D0%BA&source=search&hhtmFrom=resumes_catalog
24,Аналитик финансовых рынков,https://hh.ru/resume/021eafb2000932defc0039ed1f494859395157?query=%D0%B0%D0%BD%D0%B0%D0%BB%D0%B8%D1%82%D0%B8%D0%BA&source=search&hhtmFrom=resumes_catalog
25,Аналитик,https://hh.ru/resume/48c720650008de6bd70039ed1f394b43637572?query=%D0%B0%D0%BD%D0%B0%D0%BB%D0%B8%D1%82%D0%B8%D0%BA&source=search&hhtmFrom=resumes_catalog
26,Аналитик,https://hh.ru/resume/a4f89584000461bda00039ed1f6e545936777a?query=%D0%B0%D0%BD%D0%B0%D0%BB%D0%B8%D1%82%D0%B8%D0%BA&source=search&hhtmFrom=resumes_catalog
27,Аналитик,https://hh.ru/resume/922e81f700070de2290039ed1f384856774749?query=%D0%B0%D0%BD%D0%B0%D0%BB%D0%B8%D1%82%D0%B8%D0%BA&source=search&hhtmFrom=resumes_catalog
28,Аналитик,https://hh.ru/resume/f1e2568f000924e6140039ed1f796434344759?query=%D0%B0%D0%BD%D0%B0%D0%BB%D0%B8%D1%82%D0%B8%D0%BA&source=search&hhtmFrom=resumes_catalog
29,Аналитик,https://hh.ru/resume/d3f36e7f00083e31ba0039ed1f375633556b6e?query=%D0%B0%D0%BD%D0%B0%D0%BB%D0%B8%D1%82%D0%B8%D0%BA&source=search&hhtmFrom=resumes_catalog
30,Аналитик,https://hh.ru/resume/6ac406ef00017f11810039ed1f7a4b53576c52?query=%D0%B0%D0%BD%D0%B0%D0%BB%D0%B8%D1%82%D0%B8%D0%BA&source=search&hhtmFrom=resumes_catalog
31,"Специалист по обработке данных, аналитик",https://hh.ru/resume/45076adf00082aa25f0039ed1f573750397658?query=%D0%B0%D0%BD%D0%B0%D0%BB%D0%B8%D1%82%D0%B8%D0%BA&source=search&hhtmFrom=resumes_catalog
32,Аналитик,https://hh.ru/resume/283959d400087a956a0039ed1f634a616b4a32?query=%D0%B0%D0%BD%D0%B0%D0%BB%D0%B8%D1%82%D0%B8%D0%BA&source=search&hhtmFrom=resumes_catalog
33,Маркетолог-аналитик,https://hh.ru/resume/d3e40bd600069a7c5c0039ed1f676b4f586f32?query=%D0%B0%D0%BD%D0%B0%D0%BB%D0%B8%D1%82%D0%B8%D0%BA&source=search&hhtmFrom=resumes_catalog
34,Аналитик,https://hh.ru/resume/3ae4c9c30004358d940039ed1f4a476f6d6b49?query=%D0%B0%D0%BD%D0%B0%D0%BB%D0%B8%D1%82%D0%B8%D0%BA&source=search&hhtmFrom=resumes_catalog
35,Researcher / Аналитик,https://hh.ru/resume/7663d35800071d2c580039ed1f4b4c4e633058?query=%D0%B0%D0%BD%D0%B0%D0%BB%D0%B8%D1%82%D0%B8%D0%BA&source=search&hhtmFrom=resumes_catalog
36,Системный-бизнес аналитик,https://hh.ru/resume/6c04a117000917d7610039ed1f4f3856566551?query=%D0%B0%D0%BD%D0%B0%D0%BB%D0%B8%D1%82%D0%B8%D0%BA&source=search&hhtmFrom=resumes_catalog
37,Аналитик,https://hh.ru/resume/5d9bfe09000092e5e20039ed1f736563726574?query=%D0%B0%D0%BD%D0%B0%D0%BB%D0%B8%D1%82%D0%B8%D0%BA&source=search&hhtmFrom=resumes_catalog
38,Analyst,https://hh.ru/resume/142043fa00064f5eb20039ed1f4c394f51636b?query=%D0%B0%D0%BD%D0%B0%D0%BB%D0%B8%D1%82%D0%B8%D0%BA&source=search&hhtmFrom=resumes_catalog
39,Аналитик,https://hh.ru/resume/d2118a18000188159e0039ed1f6145635a6548?query=%D0%B0%D0%BD%D0%B0%D0%BB%D0%B8%D1%82%D0%B8%D0%BA&source=search&hhtmFrom=resumes_catalog
40,Бизнес-аналитик,https://hh.ru/resume/a66897f20007e4b3ab0039ed1f763377627542?query=%D0%B0%D0%BD%D0%B0%D0%BB%D0%B8%D1%82%D0%B8%D0%BA&source=search&hhtmFrom=resumes_catalog
41,Аналитик,https://hh.ru/resume/2fc86c730007fdfd3b0039ed1f494b63673663?query=%D0%B0%D0%BD%D0%B0%D0%BB%D0%B8%D1%82%D0%B8%D0%BA&source=search&hhtmFrom=resumes_catalog
42,Аналитик,https://hh.ru/resume/3e432b1800046699f10039ed1f78465a6f7568?query=%D0%B0%D0%BD%D0%B0%D0%BB%D0%B8%D1%82%D0%B8%D0%BA&source=search&hhtmFrom=resumes_catalog
43,Финансовый аналитик,https://hh.ru/resume/f9cfa27a000410e7aa0039ed1f535237636538?query=%D0%B0%D0%BD%D0%B0%D0%BB%D0%B8%D1%82%D0%B8%D0%BA&source=search&hhtmFrom=resumes_catalog
44,Аналитик (junior),https://hh.ru/resume/498b41d000077de0630039ed1f736f5069646f?query=%D0%B0%D0%BD%D0%B0%D0%BB%D0%B8%D1%82%D0%B8%D0%BA&source=search&hhtmFrom=resumes_catalog
45,Аналитик,https://hh.ru/resume/850b7fe50002a106660039ed1f453159684278?query=%D0%B0%D0%BD%D0%B0%D0%BB%D0%B8%D1%82%D0%B8%D0%BA&source=search&hhtmFrom=resumes_catalog
46,Аналитик,https://hh.ru/resume/e05c57d4000559f7da0039ed1f50434b757661?query=%D0%B0%D0%BD%D0%B0%D0%BB%D0%B8%D1%82%D0%B8%D0%BA&source=search&hhtmFrom=resumes_catalog
47,Аналитик,https://hh.ru/resume/04747e0900073d6bb00039ed1f766649425975?query=%D0%B0%D0%BD%D0%B0%D0%BB%D0%B8%D1%82%D0%B8%D0%BA&source=search&hhtmFrom=resumes_catalog
48,Аналитик,https://hh.ru/resume/c03cd95500066a1ecd0039ed1f7a65745a7452?query=%D0%B0%D0%BD%D0%B0%D0%BB%D0%B8%D1%82%D0%B8%D0%BA&source=search&hhtmFrom=resumes_catalog
49,Аналитик,https://hh.ru/resume/829ebdc700034766ac0039ed1f436e41336746?query=%D0%B0%D0%BD%D0%B0%D0%BB%D0%B8%D1%82%D0%B8%D0%BA&source=search&hhtmFrom=resumes_catalog
50,Аналитик,https://hh.ru/resume/c77e35d10005ed0eb20039ed1f65645067785a?query=%D0%B0%D0%BD%D0%B0%D0%BB%D0%B8%D1%82%D0%B8%D0%BA&source=search&hhtmFrom=resumes_catalog
51,Аналитик,https://hh.ru/resume/7b124f350004e4cb150039ed1f767970723450?query=%D0%B0%D0%BD%D0%B0%D0%BB%D0%B8%D1%82%D0%B8%D0%BA&source=search&hhtmFrom=resumes_catalog
52,Аналитик отдела продаж,https://hh.ru/resume/a8452f9b00052726060039ed1f746a56496d45?query=%D0%B0%D0%BD%D0%B0%D0%BB%D0%B8%D1%82%D0%B8%D0%BA&source=search&hhtmFrom=resumes_catalog
53,Аналитик,https://hh.ru/resume/03f85e8600087585500039ed1f783830753535?query=%D0%B0%D0%BD%D0%B0%D0%BB%D0%B8%D1%82%D0%B8%D0%BA&source=search&hhtmFrom=resumes_catalog
54,Аналитик,https://hh.ru/resume/a9687a6c000142bf390039ed1f686f55577458?query=%D0%B0%D0%BD%D0%B0%D0%BB%D0%B8%D1%82%D0%B8%D0%BA&source=search&hhtmFrom=resumes_catalog
55,Аналитик,https://hh.ru/resume/da6cd933000744464a0039ed1f496578556d6f?query=%D0%B0%D0%BD%D0%B0%D0%BB%D0%B8%D1%82%D0%B8%D0%BA&source=search&hhtmFrom=resumes_catalog
56,Аналитик,https://hh.ru/resume/e36f8848000200cb430039ed1f507178736670?query=%D0%B0%D0%BD%D0%B0%D0%BB%D0%B8%D1%82%D0%B8%D0%BA&source=search&hhtmFrom=resumes_catalog
57,Аналитик,https://hh.ru/resume/de814d800000f2618c0039ed1f6f3630454553?query=%D0%B0%D0%BD%D0%B0%D0%BB%D0%B8%D1%82%D0%B8%D0%BA&source=search&hhtmFrom=resumes_catalog
58,Аналитик,https://hh.ru/resume/1a814ce800057760980039ed1f505276316950?query=%D0%B0%D0%BD%D0%B0%D0%BB%D0%B8%D1%82%D0%B8%D0%BA&source=search&hhtmFrom=resumes_catalog
59,Аналитик,https://hh.ru/resume/effb2ebc00010a50400039ed1f6779557a6831?query=%D0%B0%D0%BD%D0%B0%D0%BB%D0%B8%D1%82%D0%B8%D0%BA&source=search&hhtmFrom=resumes_catalog
60,Бизнес-аналитик,https://hh.ru/resume/aa5fd19000074e9e580039ed1f784b79626164?query=%D0%B0%D0%BD%D0%B0%D0%BB%D0%B8%D1%82%D0%B8%D0%BA&source=search&hhtmFrom=resumes_catalog
61,Аналитик,https://hh.ru/resume/7f977eec000654337a0039ed1f544a46664470?query=%D0%B0%D0%BD%D0%B0%D0%BB%D0%B8%D1%82%D0%B8%D0%BA&source=search&hhtmFrom=resumes_catalog
62,Аналитик,https://hh.ru/resume/72b8564300014d074a0039ed1f756831684948?query=%D0%B0%D0%BD%D0%B0%D0%BB%D0%B8%D1%82%D0%B8%D0%BA&source=search&hhtmFrom=resumes_catalog
63,Аналитик,https://hh.ru/resume/3ff358c80008e9b5200039ed1f623461704969?query=%D0%B0%D0%BD%D0%B0%D0%BB%D0%B8%D1%82%D0%B8%D0%BA&source=search&hhtmFrom=resumes_catalog
64,Аналитик,https://hh.ru/resume/b09f2bb2000627499d0039ed1f317556636749?query=%D0%B0%D0%BD%D0%B0%D0%BB%D0%B8%D1%82%D0%B8%D0%BA&source=search&hhtmFrom=resumes_catalog
65,Аналитик,https://hh.ru/resume/7bc7bb1d0009037d9c0039ed1f4a7173334332?query=%D0%B0%D0%BD%D0%B0%D0%BB%D0%B8%D1%82%D0%B8%D0%BA&source=search&hhtmFrom=resumes_catalog
66,Аналитик,https://hh.ru/resume/11605bbd00024c5c2d0039ed1f68376d61384d?query=%D0%B0%D0%BD%D0%B0%D0%BB%D0%B8%D1%82%D0%B8%D0%BA&source=search&hhtmFrom=resumes_catalog
67,Аналитик,https://hh.ru/resume/a75bf6df000313efb40039ed1f7243536e5839?query=%D0%B0%D0%BD%D0%B0%D0%BB%D0%B8%D1%82%D0%B8%D0%BA&source=search&hhtmFrom=resumes_catalog
68,Аналитик,https://hh.ru/resume/b87ce26e00013ddce90039ed1f336239787753?query=%D0%B0%D0%BD%D0%B0%D0%BB%D0%B8%D1%82%D0%B8%D0%BA&source=search&hhtmFrom=resumes_catalog
69,Аналитик,https://hh.ru/resume/c62051380008b7d8530039ed1f677541585855?query=%D0%B0%D0%BD%D0%B0%D0%BB%D0%B8%D1%82%D0%B8%D0%BA&source=search&hhtmFrom=resumes_catalog
70,Аналитик,https://hh.ru/resume/0104a24b0008d761150039ed1f6a5230696434?query=%D0%B0%D0%BD%D0%B0%D0%BB%D0%B8%D1%82%D0%B8%D0%BA&source=search&hhtmFrom=resumes_catalog
71,Аналитик,https://hh.ru/resume/cf90f91f0006a84d330039ed1f38783579784e?query=%D0%B0%D0%BD%D0%B0%D0%BB%D0%B8%D1%82%D0%B8%D0%BA&source=search&hhtmFrom=resumes_catalog
72,Аналитик,https://hh.ru/resume/f68ae2a400000168ec0039ed1f736563726574?query=%D0%B0%D0%BD%D0%B0%D0%BB%D0%B8%D1%82%D0%B8%D0%BA&source=search&hhtmFrom=resumes_catalog
73,Аналитик,https://hh.ru/resume/4c8f6c46000324882d0039ed1f375658586132?query=%D0%B0%D0%BD%D0%B0%D0%BB%D0%B8%D1%82%D0%B8%D0%BA&source=search&hhtmFrom=resumes_catalog
74,Analyst,https://hh.ru/resume/268ae7a90008f1485d0039ed1f3137316f5069?query=%D0%B0%D0%BD%D0%B0%D0%BB%D0%B8%D1%82%D0%B8%D0%BA&source=search&hhtmFrom=resumes_catalog
75,Аналитик,https://hh.ru/resume/d477109d000853a1730039ed1f546d6b644f32?query=%D0%B0%D0%BD%D0%B0%D0%BB%D0%B8%D1%82%D0%B8%D0%BA&source=search&hhtmFrom=resumes_catalog
76,Аналитик,https://hh.ru/resume/b237895700083945970039ed1f70304a624569?query=%D0%B0%D0%BD%D0%B0%D0%BB%D0%B8%D1%82%D0%B8%D0%BA&source=search&hhtmFrom=resumes_catalog
77,Аналитик,https://hh.ru/resume/07bf0862000715a06e0039ed1f464e68397569?query=%D0%B0%D0%BD%D0%B0%D0%BB%D0%B8%D1%82%D0%B8%D0%BA&source=search&hhtmFrom=resumes_catalog
78,Аналитик,https://hh.ru/resume/3bab3ab0000908964c0039ed1f636172787a76?query=%D0%B0%D0%BD%D0%B0%D0%BB%D0%B8%D1%82%D0%B8%D0%BA&source=search&hhtmFrom=resumes_catalog
79,Аналитик,https://hh.ru/resume/48f96d1200089131810039ed1f57435442644b?query=%D0%B0%D0%BD%D0%B0%D0%BB%D0%B8%D1%82%D0%B8%D0%BA&source=search&hhtmFrom=resumes_catalog
80,Аналитик,https://hh.ru/resume/c84e5af300060366ac0039ed1f535a7854316c?query=%D0%B0%D0%BD%D0%B0%D0%BB%D0%B8%D1%82%D0%B8%D0%BA&source=search&hhtmFrom=resumes_catalog
81,Аналитик,https://hh.ru/resume/2136e0ea00016763550039ed1f5a6b384c456b?query=%D0%B0%D0%BD%D0%B0%D0%BB%D0%B8%D1%82%D0%B8%D0%BA&source=search&hhtmFrom=resumes_catalog
82,Аналитик,https://hh.ru/resume/4ce81e2c00075ab0e90039ed1f387a73313156?query=%D0%B0%D0%BD%D0%B0%D0%BB%D0%B8%D1%82%D0%B8%D0%BA&source=search&hhtmFrom=resumes_catalog
83,Аналитик,https://hh.ru/resume/236ab0af0003b3ece60039ed1f4344664c4958?query=%D0%B0%D0%BD%D0%B0%D0%BB%D0%B8%D1%82%D0%B8%D0%BA&source=search&hhtmFrom=resumes_catalog
84,Аналитик,https://hh.ru/resume/153097b90005fd239f0039ed1f4f3736644f63?query=%D0%B0%D0%BD%D0%B0%D0%BB%D0%B8%D1%82%D0%B8%D0%BA&source=search&hhtmFrom=resumes_catalog
85,Аналитик,https://hh.ru/resume/ae5a1a320004f4662e0039ed1f5a7061616b47?query=%D0%B0%D0%BD%D0%B0%D0%BB%D0%B8%D1%82%D0%B8%D0%BA&source=search&hhtmFrom=resumes_catalog
86,Аналитик,https://hh.ru/resume/2baaf0410004b1f9c10039ed1f736276426567?query=%D0%B0%D0%BD%D0%B0%D0%BB%D0%B8%D1%82%D0%B8%D0%BA&source=search&hhtmFrom=resumes_catalog
87,Аналитик,https://hh.ru/resume/299d07b40004fa6d7e0039ed1f3049584c4532?query=%D0%B0%D0%BD%D0%B0%D0%BB%D0%B8%D1%82%D0%B8%D0%BA&source=search&hhtmFrom=resumes_catalog
88,Аналитик,https://hh.ru/resume/97dff62500056fd0570039ed1f656d4c753276?query=%D0%B0%D0%BD%D0%B0%D0%BB%D0%B8%D1%82%D0%B8%D0%BA&source=search&hhtmFrom=resumes_catalog
89,Аналитик,https://hh.ru/resume/431767540007b53ff20039ed1f6e6e7442736c?query=%D0%B0%D0%BD%D0%B0%D0%BB%D0%B8%D1%82%D0%B8%D0%BA&source=search&hhtmFrom=resumes_catalog
90,Аналитик,https://hh.ru/resume/a0e311cd0002502f9c0039ed1f414778374b55?query=%D0%B0%D0%BD%D0%B0%D0%BB%D0%B8%D1%82%D0%B8%D0%BA&source=search&hhtmFrom=resumes_catalog
91,Аналитик,https://hh.ru/resume/b203928b000326a58d0039ed1f32546e4b6b4a?query=%D0%B0%D0%BD%D0%B0%D0%BB%D0%B8%D1%82%D0%B8%D0%BA&source=search&hhtmFrom=resumes_catalog
92,Аналитик,https://hh.ru/resume/58889d34000717cf8e0039ed1f6950354a7458?query=%D0%B0%D0%BD%D0%B0%D0%BB%D0%B8%D1%82%D0%B8%D0%BA&source=search&hhtmFrom=resumes_catalog
93,Бизнес-аналитик,https://hh.ru/resume/8f7b989500014442ca0039ed1f763766493279?query=%D0%B0%D0%BD%D0%B0%D0%BB%D0%B8%D1%82%D0%B8%D0%BA&source=search&hhtmFrom=resumes_catalog
94,Аналитик,https://hh.ru/resume/0f6d558d0005bfbc980039ed1f5436414a3278?query=%D0%B0%D0%BD%D0%B0%D0%BB%D0%B8%D1%82%D0%B8%D0%BA&source=search&hhtmFrom=resumes_catalog
95,Аналитик,https://hh.ru/resume/d21de9db0008e6def80039ed1f6b364f664151?query=%D0%B0%D0%BD%D0%B0%D0%BB%D0%B8%D1%82%D0%B8%D0%BA&source=search&hhtmFrom=resumes_catalog
96,Аналитик,https://hh.ru/resume/53b9d2870004f92f030039ed1f6a3444456265?query=%D0%B0%D0%BD%D0%B0%D0%BB%D0%B8%D1%82%D0%B8%D0%BA&source=search&hhtmFrom=resumes_catalog
97,Аналитик,https://hh.ru/resume/a5b79c6b0008fff7670039ed1f72444e477143?query=%D0%B0%D0%BD%D0%B0%D0%BB%D0%B8%D1%82%D0%B8%D0%BA&source=search&hhtmFrom=resumes_catalog
98,Аналитик,https://hh.ru/resume/d1c00c85000310465a0039ed1f336d6d774d54?query=%D0%B0%D0%BD%D0%B0%D0%BB%D0%B8%D1%82%D0%B8%D0%BA&source=search&hhtmFrom=resumes_catalog
99,Аналитик,https://hh.ru/resume/926c105b00078c14a90039ed1f636947333368?query=%D0%B0%D0%BD%D0%B0%D0%BB%D0%B8%D1%82%D0%B8%D0%BA&source=search&hhtmFrom=resumes_catalog
